sort_date,latest_verified_time,stock,company,relationship_type,evidence_summary,first_or_latest_detail,source_url,confidence,notes
2026-06-02,"2026-06-02 10:30 GMT+8",MRVL,Marvell Technology Inc.,"Reported Jensen mention; NVIDIA corporate investment","DCD and TipRanks reported Jensen Huang appeared with Marvell CEO Matt Murphy and described Marvell as the next trillion-dollar company. SEC exhibit confirms NVIDIA invested $2B in Marvell on 2026-03-31.","Investment not shown as common stock in NVIDIA Q1 2026 13F table.","https://www.sec.gov/Archives/edgar/data/1835632/000119312526134462/d113606dex991.htm","High for investment; medium-high for reported live comment","Stage comment not yet checked against official NVIDIA transcript."
2026-06-01,"2026-06-01 11:00 Taipei Time",CRWV,CoreWeave Inc.,"Jensen keynote recap mention; NVIDIA corporate holding/investment","NVIDIA GTC Taipei recap says Huang discussed work with partners including CoreWeave. Q1 2026 13F shows 47,213,353 shares. NVIDIA announced $2B CoreWeave Class A stock purchase on 2026-01-26.","First appears in 2025 Q1 13F; still held in 2026 Q1 13F.","https://blogs.nvidia.com/blog/nvidia-gtc-taipei-computex-2026-news/","High","Corporate investment, not Jensen personal investment."
2026-06-01,"2026-06-01 11:00 Taipei Time",NBIS,Nebius Group N.V.,"Jensen keynote recap mention; NVIDIA corporate holding/investment","NVIDIA GTC Taipei recap names Nebius among AI factory partners. Q1 2026 13F shows 1,190,476 shares. NVIDIA announced it would invest $2B on 2026-03-11.","First appears in 2024 Q4 13F; still held in 2026 Q1 13F.","https://nvidianews.nvidia.com/news/nvidia-and-nebius-partner-to-scale-full-stack-ai-cloud","High","Corporate investment, not Jensen personal investment."
2026-06-01,"2026-06-01 11:00 Taipei Time",035420.KS,"NAVER Corp. / NAVER Cloud","Jensen keynote recap mention","NVIDIA GTC Taipei recap names NAVER Cloud among partners in the AI factory buildout discussion.","Listed stock is NAVER Corp., the parent.","https://blogs.nvidia.com/blog/nvidia-gtc-taipei-computex-2026-news/","High","Mention only; no NVIDIA investment found in checked records."
2026-06-01,"2026-06-01 11:00 Taipei Time",ISAT.JK,Indosat Ooredoo Hutchison,"Jensen keynote recap mention","NVIDIA GTC Taipei recap names Indosat among partners in the AI factory buildout discussion.","Indosat is listed in Indonesia as ISAT.","https://blogs.nvidia.com/blog/nvidia-gtc-taipei-computex-2026-news/","High","Mention only; no NVIDIA investment found in checked records."
2026-06-01,"2026-06-01 11:00 Taipei Time",CDNS,Cadence Design Systems Inc.,"Jensen keynote recap mention","NVIDIA GTC Taipei recap says Huang highlighted NVIDIA's work with Cadence on chip-design agents.","Mention only.","https://blogs.nvidia.com/blog/nvidia-gtc-taipei-computex-2026-news/","High","No NVIDIA 13F holding in checked filings."
2026-06-01,"2026-06-01 11:00 Taipei Time",MSFT,Microsoft Corp.,"Jensen keynote recap mention","NVIDIA GTC Taipei recap describes Huang saying NVIDIA and Microsoft are reinventing the PC for personal agents.","Mention only.","https://blogs.nvidia.com/blog/nvidia-gtc-taipei-computex-2026-news/","High","No NVIDIA 13F holding in checked filings."
2026-06-01,"2026-06-01 11:00 Taipei Time",2454.TW,MediaTek Inc.,"Jensen keynote recap mention","NVIDIA GTC Taipei recap states RTX Spark was built with MediaTek and runs Microsoft Windows.","Mention only.","https://blogs.nvidia.com/blog/nvidia-gtc-taipei-computex-2026-news/","High","No NVIDIA 13F holding in checked filings."
2026-06-01,"2026-06-01 11:00 Taipei Time",ADBE,Adobe Inc.,"Jensen keynote recap mention","NVIDIA GTC Taipei recap says Adobe is rearchitecting Photoshop and Premiere for RTX Spark.","Mention only.","https://blogs.nvidia.com/blog/nvidia-gtc-taipei-computex-2026-news/","High","No NVIDIA 13F holding in checked filings."
2026-06-01,"2026-06-01 / 2026-05-31 official GTC Taipei material",DELL,Dell Technologies Inc.,"Official NVIDIA event mention","NVIDIA GTC Taipei material names Dell among DGX Station system partners.","Mention only.","https://blogs.nvidia.com/blog/nvidia-gtc-taipei-computex-2026-news/","High","Official event mention; not necessarily direct Jensen wording."
2026-06-01,"2026-06-01 / 2026-05-31 official GTC Taipei material",HPQ,HP Inc.,"Official NVIDIA event mention","NVIDIA GTC Taipei material names HP among DGX Station system partners.","Mention only.","https://blogs.nvidia.com/blog/nvidia-gtc-taipei-computex-2026-news/","High","Official event mention; not necessarily direct Jensen wording."
2026-06-01,"2026-06-01 / 2026-05-31 official GTC Taipei material",SMCI,Super Micro Computer Inc.,"Official NVIDIA event mention","NVIDIA GTC Taipei material names Supermicro among DGX Station system partners.","Mention only.","https://blogs.nvidia.com/blog/nvidia-gtc-taipei-computex-2026-news/","High","Official event mention; not necessarily direct Jensen wording."
2026-06-01,"2026-06-01 / 2026-05-31 official GTC Taipei material",2357.TW,ASUSTeK Computer Inc.,"Official NVIDIA event mention","NVIDIA GTC Taipei material names ASUS among DGX Station system partners.","Mention only.","https://blogs.nvidia.com/blog/nvidia-gtc-taipei-computex-2026-news/","High","Official event mention; not necessarily direct Jensen wording."
2026-06-01,"2026-06-01 / 2026-05-31 official GTC Taipei material",2376.TW,GIGABYTE Technology Co.,"Official NVIDIA event mention","NVIDIA GTC Taipei material names GIGABYTE among DGX Station system partners.","Mention only.","https://blogs.nvidia.com/blog/nvidia-gtc-taipei-computex-2026-news/","High","Official event mention; not necessarily direct Jensen wording."
2026-06-01,"2026-06-01 / 2026-05-31 official GTC Taipei material",2377.TW,"Micro-Star International / MSI","Official NVIDIA event mention","NVIDIA GTC Taipei material names MSI among DGX Station system partners.","Mention only.","https://blogs.nvidia.com/blog/nvidia-gtc-taipei-computex-2026-news/","High","Official event mention; not necessarily direct Jensen wording."
2026-05-31,"2026-05-31",TSM / 2330.TW,Taiwan Semiconductor Manufacturing Co.,"Jensen quote; official NVIDIA press release mention","NVIDIA and TSMC announced AI-in-fab collaboration; release includes a Jensen Huang quote on TSMC bringing NVIDIA AI into fabs.","Mention only.","https://nvidianews.nvidia.com/news/nvidia-and-tsmc-bring-ai-into-fabs-to-advance-semiconductor-design-and-manufacturing","High","No NVIDIA 13F holding in checked filings."
2026-05-31,"2026-05-31",2317.TW / HNHPF,Hon Hai Precision / Foxconn,"Official NVIDIA press release mention","NVIDIA announced healthcare and robotaxi collaborations involving Foxconn.","Mention only.","https://nvidianews.nvidia.com/news/nvidia-foxconn-and-taiwan-medical-centers-bring-agentic-and-physical-ai-to-healthy-taiwan","High","Official mention; not classified as Jensen personal investment."
2026-05-31,"2026-05-31",2382.TW,"Quanta Computer / QCT","Official NVIDIA event mention","NVIDIA Taiwan ecosystem article says QCT is using Omniverse-based digital twins and NVIDIA technologies.","Mention only.","https://blogs.nvidia.com/blog/taiwan-ecosystem-ai-infrastructure/","High","Listed parent is Quanta Computer."
2026-05-31,"2026-05-31",3231.TW,Wistron Corp.,"Official NVIDIA event mention","NVIDIA Taiwan ecosystem article describes Wistron using Omniverse DSX, PhysicsNeMo and Cadence Reality DC Design.","Mention only.","https://blogs.nvidia.com/blog/taiwan-ecosystem-ai-infrastructure/","High","No NVIDIA 13F holding in checked filings."
2026-05-31,"2026-05-31",4938.TW,Pegatron Corp.,"Official NVIDIA event mention","NVIDIA Taiwan ecosystem article describes Pegatron adopting Omniverse DSX and NVIDIA physical AI tools.","Mention only.","https://blogs.nvidia.com/blog/taiwan-ecosystem-ai-infrastructure/","High","No NVIDIA 13F holding in checked filings."
2026-05-31,"2026-05-31",2356.TW,Inventec Corp.,"Official NVIDIA event mention","NVIDIA Taiwan ecosystem article describes Inventec using NVIDIA's defect-image generation agent skill.","Mention only.","https://blogs.nvidia.com/blog/taiwan-ecosystem-ai-infrastructure/","High","No NVIDIA 13F holding in checked filings."
2026-05-31,"2026-05-31",VFS,VinFast Auto Ltd.,"Official NVIDIA press release mention","NVIDIA DRIVE Hyperion release says VinFast is working with Autobrains to bring level 4 vehicles to Southeast Asia.","Mention only.","https://nvidianews.nvidia.com/news/nvidia-drive-hyperion-becomes-the-global-platform-for-a-robotaxi-ready-world","High","No NVIDIA 13F holding in checked filings."
2026-05-31,"2026-05-31",UBER,Uber Technologies Inc.,"Official NVIDIA press release mention","NVIDIA DRIVE Hyperion release says Uber will integrate DRIVE Hyperion-powered AV fleets into its network.","Mention only.","https://nvidianews.nvidia.com/news/nvidia-drive-hyperion-becomes-the-global-platform-for-a-robotaxi-ready-world","High","No NVIDIA 13F holding in checked filings."
2026-05-31,"2026-05-31",IREN,IREN Ltd.,"Official NVIDIA cloud ecosystem mention","NVIDIA AI Cloud ecosystem article names IREN among AI cloud partners expanding infrastructure.","Mention only.","https://blogs.nvidia.com/blog/ai-cloud-ecosystem/","High","No NVIDIA 13F holding in checked filings."
2026-05-31,"2026-05-31",6742.KL,YTL Power International Bhd.,"Official NVIDIA cloud ecosystem mention","NVIDIA AI Cloud ecosystem article names YTL among AI cloud partners supporting regional AI cloud capacity.","Mention only.","https://blogs.nvidia.com/blog/ai-cloud-ecosystem/","High","Listed parent/ticker should be checked on local exchange before trading."
2026-05-15,"2026-05-15 20:08:31 UTC; holdings as of 2026-03-31",COHR,Coherent Corp.,"NVIDIA corporate holding / announced investment","Q1 2026 13F shows 7,788,161 shares, value $1,855,217,832. NVIDIA announced $2B investment on 2026-03-02.","First appears in NVIDIA 2026 Q1 13F.","https://www.sec.gov/Archives/edgar/data/1045810/000104581026000042/information_table.xml","High","Corporate investment, not Jensen personal investment."
2026-05-15,"2026-05-15 20:08:31 UTC; holdings as of 2026-03-31",GENB / CUSIP 370920100,Generate Biomedicines Inc.,"NVIDIA corporate holding","Q1 2026 13F shows 833,325 shares, value $10,416,563.","Ticker/exchange not confirmed from SEC XML.","https://www.sec.gov/Archives/edgar/data/1045810/000104581026000042/information_table.xml","High for holding; medium for ticker","SEC XML identifies issuer/CUSIP but not public ticker."
2026-05-15,"2026-05-15 20:08:31 UTC; holdings as of 2026-03-31",INTC,Intel Corp.,"NVIDIA corporate holding","Q1 2026 13F shows 214,776,632 shares, value $9,478,092,770.","First appears in 2025 Q4 13F; still held in latest 13F checked.","https://www.sec.gov/Archives/edgar/data/1045810/000104581026000042/information_table.xml","High","Corporate holding, not Jensen personal investment."
2026-05-15,"2026-05-15 20:08:31 UTC; holdings as of 2026-03-31",NOK,Nokia Corp. ADR,"NVIDIA corporate holding","Q1 2026 13F shows 166,389,351 sponsored ADRs, value $1,337,770,382.","First appears in 2025 Q4 13F; still held in latest 13F checked.","https://www.sec.gov/Archives/edgar/data/1045810/000104581026000042/information_table.xml","High","Corporate holding, not Jensen personal investment."
2026-05-15,"2026-05-15 20:08:31 UTC; holdings as of 2026-03-31",SNPS,Synopsys Inc.,"NVIDIA corporate holding","Q1 2026 13F shows 4,821,717 shares, value $1,911,714,356.","First appears in 2025 Q4 13F; still held in latest 13F checked.","https://www.sec.gov/Archives/edgar/data/1045810/000104581026000042/information_table.xml","High","Corporate holding, not Jensen personal investment."
2026-03-23,"2026-03-23 ownership table; 2026 proxy filed 2026-05-12",NVDA,NVIDIA Corp.,"Jensen Huang personal beneficial ownership","NVIDIA 2026 proxy lists Jen-Hsun Huang with 870,604,104 total beneficially owned shares, 3.58%, as of 2026-03-23.","Latest Form 4 opened shows 2026-03-02 stock awards and direct/indirect holdings.","https://www.sec.gov/Archives/edgar/data/1045810/000104581026000036/nvda-20260512.htm","High","Only Jensen personal public stock exposure verified in this research."
2025-11-14,"2025-11-14 22:05:18 UTC; holdings as of 2025-09-30",APLD,Applied Digital Corp.,"Former NVIDIA corporate holding","Appeared in 2024 Q3 through 2025 Q3 13F filings; absent from 2025 Q4 and 2026 Q1 13F.","Latest 2025 Q3 13F: 7,716,050 shares, value $177,006,187.","https://www.sec.gov/Archives/edgar/data/1045810/000104581025000219/information_table.xml","High","No longer in latest 13F checked."
2025-11-14,"2025-11-14 22:05:18 UTC; holdings as of 2025-09-30",ARM,Arm Holdings plc ADS,"Former NVIDIA corporate holding","Appeared in 2023 Q4 through 2025 Q3 13F filings; absent from 2025 Q4 and 2026 Q1 13F.","Latest 2025 Q3 13F: 1,101,249 ADS, value $155,815,721.","https://www.sec.gov/Archives/edgar/data/1045810/000104581025000219/information_table.xml","High","No longer in latest 13F checked."
2025-11-14,"2025-11-14 22:05:18 UTC; holdings as of 2025-09-30",RXRX,Recursion Pharmaceuticals Inc.,"Former NVIDIA corporate holding","Appeared in 2023 Q4 through 2025 Q3 13F filings; absent from 2025 Q4 and 2026 Q1 13F.","Latest 2025 Q3 13F: 7,706,363 shares, value $37,607,051.","https://www.sec.gov/Archives/edgar/data/1045810/000104581025000219/information_table.xml","High","No longer in latest 13F checked."
2025-11-14,"2025-11-14 22:05:18 UTC; holdings as of 2025-09-30",WRD,WeRide Inc. ADS,"Former NVIDIA corporate holding","Appeared in 2024 Q4 through 2025 Q3 13F filings; absent from 2025 Q4 and 2026 Q1 13F.","Latest 2025 Q3 13F: 1,738,563 ADS, value $17,211,774.","https://www.sec.gov/Archives/edgar/data/1045810/000104581025000219/information_table.xml","High","No longer in latest 13F checked."
2024-11-14,"2024-11-14 21:18:41 UTC; holdings as of 2024-09-30",SERV,Serve Robotics Inc.,"Former NVIDIA corporate holding","Appeared in 2024 Q2 and Q3 13F filings; absent from 2024 Q4 onward.","Latest 2024 Q3 13F: 3,727,033 shares, value $29,629,912.","https://www.sec.gov/Archives/edgar/data/1045810/000104581024000305/information_table.xml","High","No longer in latest 13F checked."
2024-11-14,"2024-11-14 21:18:41 UTC; holdings as of 2024-09-30",SOUN,SoundHound AI Inc.,"Former NVIDIA corporate holding","Appeared in 2023 Q4 through 2024 Q3 13F filings; absent from 2024 Q4 onward.","Latest 2024 Q3 13F: 1,730,883 shares, value $8,065,915.","https://www.sec.gov/Archives/edgar/data/1045810/000104581024000305/information_table.xml","High","No longer in latest 13F checked."
2024-11-14,"2024-11-14 21:18:41 UTC; holdings as of 2024-09-30",NNOX,Nano-X Imaging Ltd.,"Former NVIDIA corporate holding","Appeared in 2023 Q4 through 2024 Q3 13F filings; absent from 2024 Q4 onward.","Latest 2024 Q3 13F: 59,632 shares, value $362,563.","https://www.sec.gov/Archives/edgar/data/1045810/000104581024000305/information_table.xml","High","No longer in latest 13F checked."
2024-02-14,"2024-02-14 21:12:45 UTC; holdings as of 2023-12-31",TSP,TuSimple Holdings Inc.,"Former NVIDIA corporate holding","Appeared in NVIDIA's first 13F, 2023 Q4 only; absent from 2024 Q1 onward.","2023 Q4 13F: 3,465,372 shares, value $3,041,904.","https://www.sec.gov/Archives/edgar/data/1045810/000104581024000021/information_table.xml","High","No longer in latest 13F checked."
